K,country,link_recall,entity_recall,true_links,recovered_links,total_entities,complete_entities
20,US,0.963955,0.887798,10487,10109,2852,2532
20,INDIA,0.873309,0.683701,6875,6004,1859,1271
40,US,0.967102,0.896914,10487,10142,2852,2558
40,INDIA,0.877382,0.694459,6875,6032,1859,1291
60,US,0.968532,0.901823,10487,10157,2852,2572
60,INDIA,0.88,0.703066,6875,6050,1859,1307
80,US,0.969486,0.904979,10487,10167,2852,2581
80,INDIA,0.881309,0.705218,6875,6059,1859,1311
100,US,0.970154,0.907433,10487,10174,2852,2588
100,INDIA,0.882473,0.707907,6875,6067,1859,1316
150,US,0.97187,0.913394,10487,10192,2852,2605
150,INDIA,0.884655,0.714363,6875,6082,1859,1328
