strategy,k,total_true_links,recovered_links,link_recall,link_recall_pct,complete_recall_entities,entity_recall,entity_recall_pct,uncapped_recall,lost_to_capping,capping_loss_pct,capping_events,tier1_retained,tier2_retained,tier1_overflow_events,avg_candidates_after_cap
arbitrary,20,17362,5569,0.3208,32.08,797,0.1692,16.92,0.9409,10767,62.01,4033,0,0,0,18.7
arbitrary,40,17362,7817,0.4502,45.02,1315,0.2791,27.91,0.941,8520,49.07,3471,0,0,0,34.56
arbitrary,60,17362,9128,0.5257,52.57,1641,0.3483,34.83,0.941,7209,41.52,3116,0,0,0,48.54
arbitrary,80,17362,10092,0.5813,58.13,1857,0.3942,39.42,0.941,6246,35.98,2880,0,0,0,61.27
arbitrary,100,17362,10823,0.6234,62.34,2016,0.4279,42.79,0.941,5515,31.76,2718,0,0,0,73.16
arbitrary,150,17362,12359,0.7118,71.18,2394,0.5082,50.82,0.9411,3980,22.92,2391,0,0,0,100.31
current,20,17362,15477,0.8914,89.14,3555,0.7546,75.46,0.9409,859,4.95,4033,0,0,0,18.7
current,40,17362,15609,0.899,89.9,3642,0.7731,77.31,0.941,728,4.19,3471,0,0,0,34.56
current,60,17362,15649,0.9013,90.13,3667,0.7784,77.84,0.941,688,3.96,3116,0,0,0,48.54
current,80,17362,15694,0.9039,90.39,3688,0.7828,78.28,0.941,644,3.71,2880,0,0,0,61.27
current,100,17362,15719,0.9054,90.54,3701,0.7856,78.56,0.941,619,3.57,2718,0,0,0,73.16
current,150,17362,15789,0.9094,90.94,3735,0.7928,79.28,0.9411,550,3.17,2391,0,0,0,100.31
tiered,20,17362,16113,0.9281,92.81,3803,0.8073,80.73,0.9409,223,1.28,4033,13715,66945,22,18.7
tiered,40,17362,16174,0.9316,93.16,3849,0.817,81.7,0.941,163,0.94,3471,11820,127020,0,34.56
tiered,60,17362,16207,0.9335,93.35,3879,0.8234,82.34,0.941,130,0.75,3116,10485,176475,0,48.54
tiered,80,17362,16226,0.9346,93.46,3892,0.8262,82.62,0.941,112,0.65,2880,9634,220766,0,61.27
tiered,100,17362,16241,0.9354,93.54,3904,0.8287,82.87,0.941,97,0.56,2718,9139,262661,0,73.16
tiered,150,17362,16274,0.9373,93.73,3933,0.8349,83.49,0.9411,65,0.37,2391,8113,350537,0,100.31
