config_name,num_leaves,learning_rate,max_depth,min_child_samples,subsample,colsample_bytree,reg_alpha,reg_lambda,best_iteration,val_logloss,optimal_threshold,macro_f05,precision,recall,singleton_fp_rate,s2_recall,s3_recall,us_macro_f05,india_macro_f05,train_time_sec,delta_macro_f05
0. Baseline (Production Config),63,0.05,-1,25,0.85,0.85,0.1,1.0,230,0.006352769888210462,0.908,0.9527108006042149,0.989883022447044,0.8955949656750573,3.4482758620689653,90.04224502112251,89.12452419793367,0.9768084858689379,0.9194330447624547,3.26,0.0
1a. Shallow Trees (num_leaves=31),31,0.05,-1,25,0.85,0.85,0.1,1.0,304,0.006059366705574437,0.876,0.9535250534374606,0.9880615771284952,0.8995995423340961,3.4482758620689653,90.34399517199758,89.61392060902665,0.9771833361916469,0.9208540915388224,1.31,0.0008142528332457655
1b. Deep Trees (num_leaves=127),127,0.05,-1,25,0.85,0.85,0.1,1.0,162,0.00651448443860213,0.874,0.9526933322368115,0.9874725963044159,0.9018878718535469,3.4482758620689653,90.88714544357272,89.55954323001632,0.9773667084525925,0.918620574605495,1.19,-1.746836740335045e-05
2a. Constrained Depth (max_depth=8),63,0.05,8,25,0.85,0.85,0.1,1.0,290,0.0062352361838323885,0.854,0.9535198847051809,0.9865960099750624,0.9053203661327232,3.4482758620689653,91.1888955944478,89.94018488308863,0.9767896921278344,0.9213853887405641,1.27,0.0008090841009660288
"2b. Constrained Depth (max_depth=6, num_leaves=31)",31,0.05,6,25,0.85,0.85,0.1,1.0,313,0.006003424941214288,0.772,0.9549324315269315,0.9842592592592593,0.9121853546910755,3.4482758620689653,91.85274592637296,90.64709081022295,0.9770952080768097,0.9243266924818617,1.16,0.0022216309227166553
"3a. Lower LR (lr=0.03, n_est=600)",63,0.03,-1,25,0.85,0.85,0.1,1.0,360,0.006284555698828549,0.87,0.9533142219855475,0.9884012539184953,0.9018878718535469,3.4482758620689653,90.76644538322269,89.66829798803697,0.9773974430651999,0.9200564404945989,1.79,0.000603421381332625
3b. Higher LR (lr=0.08),63,0.08,-1,25,0.85,0.85,0.1,1.0,124,0.006269976923264653,0.814,0.95310606391078,0.9854218362282878,0.9087528604118993,5.172413793103448,91.36994568497285,90.42958129418162,0.9766302217310652,0.9206203221589576,0.72,0.0003952633065651412
4a. Low min_child_samples (min_child=15),63,0.05,-1,15,0.85,0.85,0.1,1.0,210,0.00622982535641635,0.816,0.953341092460586,0.9845105328376704,0.9090389016018307,3.4482758620689653,91.49064574532288,90.37520391517128,0.9763477450042295,0.9215700008526971,1.1,0.0006302918563710902
4b. High min_child_samples (min_child=50),63,0.05,-1,50,0.85,0.85,0.1,1.0,223,0.0062598368154349136,0.872,0.952931196842062,0.988686360779384,0.8998855835240275,3.4482758620689653,90.70609535304767,89.34203371397498,0.976896973706972,0.9198356002190908,1.15,0.00022039623784708695
"5a. Strong Regularization (alpha=0.5, lambda=5.0)",63,0.05,-1,25,0.85,0.85,0.5,5.0,293,0.0060347299515465394,0.864,0.9543777632154615,0.9890075376884422,0.9007437070938215,3.4482758620689653,90.76644538322269,89.45078847199565,0.9775836206957969,0.9223315790759506,1.61,0.0016669626112466585
"5b. Light Regularization (alpha=0.01, lambda=0.1)",63,0.05,-1,25,0.85,0.85,0.01,0.1,198,0.006357812246953272,0.844,0.9542857600591582,0.9863013698630136,0.9061784897025171,3.4482758620689653,91.24924562462282,90.0489396411093,0.9774306066909331,0.9223238289962312,0.99,0.0015749594549433477
"6a. Conservative Subsampling (subsample=0.75, colsample=0.75)",63,0.05,-1,25,0.75,0.75,0.1,1.0,264,0.006168510662340376,0.902,0.9532801998927638,0.989908546199937,0.897883295194508,3.4482758620689653,90.40434520217259,89.23327895595432,0.9766174041386092,0.9210526321246914,1.28,0.000569399288548933
"6b. Full Sampling (subsample=1.0, colsample=1.0)",63,0.05,-1,25,1.0,1.0,0.1,1.0,229,0.006381216991027797,0.82,0.9527415446446508,0.9851255035636814,0.909324942791762,5.172413793103448,91.61134580567291,90.32082653616096,0.9774078270529917,0.9186785832236083,1.28,3.074404043590384e-05
