threshold,macro_f05,precision,recall,predicted_links,true_positives,empty_predictions,singleton_false_positives,sensitivity_d_score,is_stable
0.5,0.93815,0.976,0.90748,64340,62796,1414,66,0.0,True
0.55,0.93951,0.97851,0.90654,64109,62731,1427,60,0.0272,True
0.6,0.94058,0.98126,0.90426,63768,62573,1441,56,0.0213,True
0.65,0.94148,0.98446,0.9001,63268,62285,1460,50,0.0179,True
0.7,0.94197,0.98777,0.89518,62712,61945,1481,43,0.0097,True
0.74,0.94213,0.98944,0.89227,62402,61743,1492,39,0.0041,True
0.745,0.94225,0.9898,0.89182,62348,61712,1497,37,0.0245,True
0.75,0.94221,0.9901,0.89137,62298,61681,1501,37,-0.0087,True
0.755,0.94231,0.99043,0.89101,62252,61656,1503,36,0.0203,True
0.76,0.94236,0.9906,0.89059,62212,61627,1504,35,0.0091,True
0.765,0.94236,0.99094,0.88998,62148,61585,1505,35,0.0006,True
0.77,0.94231,0.99105,0.88942,62102,61546,1506,34,-0.0098,True
0.775,0.94248,0.99141,0.88896,62047,61514,1509,32,0.035,True
0.78,0.94259,0.99174,0.88849,61994,61482,1513,30,0.0228,True
0.785,0.94253,0.9919,0.88787,61941,61439,1515,29,-0.0125,True
0.79,0.94247,0.99219,0.88731,61883,61400,1518,29,-0.0127,True
0.795,0.94252,0.99237,0.88703,61853,61381,1518,29,0.0092,True
0.8,0.94235,0.99251,0.88644,61803,61340,1520,29,-0.0335,True
0.805,0.94069,0.99354,0.87952,61257,60861,1542,24,-0.3327,False
0.81,0.9406,0.99369,0.8791,61218,60832,1544,24,-0.0189,True
0.815,0.94049,0.99393,0.87851,61162,60791,1548,23,-0.0219,True
0.82,0.94033,0.99404,0.87792,61114,60750,1554,21,-0.0322,True
0.85,0.93735,0.99559,0.86753,60297,60031,1594,15,-0.0995,True
0.9,0.93532,0.99705,0.85985,59676,59500,1619,13,-0.0406,True
0.95,0.92918,0.99851,0.84372,58471,58384,1696,4,-0.1228,True
